Client,Project,Project Code,Currency,Project Status,Total Hours
24  FLOOR,Выработка стратегии,,USD,,
24  FLOOR,Почтомат Реструктуризация долга,,USD,,
A&O Shearman,Regulatory advice,,EUR,,
Acino,Contract Review,,USD,,
ACP Germany,Airport Construction,,UZS,,
ACP Germany,VAT Incentives,,UZS,,
ACWA Power,Independent opinion,,USD,,
ACWA Power,Kungrad EBL - AIIB,,USD,,
ACWA Power Sirdarya,Onshore Account Pledge/Amendment,,USD,,
ADB,ACWA L/C PCG,,USD,,
ADB,Bukhara District Heating,,USD,,
ADB,INDORAMA Financing (Ashurst),,USD,,
ADB,Resource Person Contract,,USD,,
ADB,Tashkent District Heating Project,,USD,,
ADB,Tashkent Hospital O&M PPP,,USD,,
ADB,Technical Assistance,,USD,,
ADB,Technical Support - PPP Law Amendment,,USD,,
ADB,Uzbek MDH Hospitals,,USD,,
ADB,Water Supply and Sanitation Systems,,USD,,
ADCB - Baker McKenzie,Advising on financing to Asakabank,,USD,,
ADUI,Incorporation of JV,,UZS,,
AFRY,Envision BESS Project,,USD,,
AGMK,Metso Outotec (Pinsent Masons),,USD,,
AGRI SOLAR SPV,General legal services,,UZS,,
Agritek Agricultural,Court case,,UZS,,
Agritek Agricultural,Debyut Matters,,UZS,,
Agritek Agricultural,General Legal Services,,UZS,,
AIIB,China Energy Financing,,USD,,
AIIB,Gas Distribution Network,,USD,,
AIIB,Uzbektelecom Financing,,USD,,
Airport consulting,Preparation for Potential Court Case,,EUR,,
Ajman Bank/Hogan Lovells,Advising Ajman Bank on Murabaha Transaction with Asakabank,,USD,,
AKA Bank,Advising on BLA/ILA with Kapitalbank,,EUR,,
AKA Bank,Advising on EUR 25 mln financing to SQB,,EUR,,
AKA Bank,UzQSB matter,,EUR,,
AKA Bank/WFW,Advising on EUR 15 000 000 financing to Agrobank,,USD,,
AKFA Aluminum,Advising on mandate letter with JPM plc.,,UZS,,
AKSA,General legal services,,USD,,
Alarko,Alarko - IFC SS III,,USD,,
Alexei Musteatsa,Aqua-Products - antitrust clearance,,EUR,,
Alexei Musteatsa,Laxisam Pharmaceuticals,,EUR,,
Alexei Musteatsa,LLC Establishing,,EUR,,
All Saint Group Central Asia,DD on Quarry Project,,EUR,,
All Saint Group Central Asia,DD on Residential Project,,EUR,,
All Saint Group Central Asia,General Legal Services,,EUR,,
All Saint Group Central Asia,Insurance,,EUR,,
All Saint Group Central Asia,Restructuring (sale and purchase of shares),,EUR,,
Allen & Overy (Moscow),Fonbet,,EUR,,
Allen & Overy Shearman,ADGM Management Fund,,USD,,
Allen & Overy Shearman,EOR Survey,,USD,,
Allen & Overy Shearman,Fonbet,,USD,,
Allen & Overy Shearman,Husky Employment Matters,,USD,,
Allen & Overy Shearman,Masdar (Share Sales),,USD,,
Allen & Overy Shearman,Masdar Horizon II,,USD,,
Allen & Overy Shearman,MSSB - World Sky Survey,,USD,,
Allen & Overy Shearman,Saudi Aramco – DataVolt,,USD,,
Allen & Overy Shearman,Tashkent Wastewater,,USD,,
ALLIED GREEN AMMONIA,General legal services,,USD,,
Almar Water Solutions,Sewage & Water Treatment project,,USD,,
ALRUD,Legal Services,,EUR,,
ALUMNI PARTNERS,УЧАСТИЕ ЕАБР В ФИНАНСИРОВАНИИ ЗАЕМЩИКА,,USD,,
AMEA Power,AMEA BESS,,USD,,
AMEA Power,Bukhara BESS,,USD,,
AMEA Power,CELEST Bess - day to day activity,,USD,,
AMEA Power,CELEST Incorporation - BESS,,USD,,
AMEA Power,Share Transfer AFTABI,,USD,,
AMEA Power,Wind 1GW,,USD,,
Ammofos-Maxam,Patent issue,,UZS,,
Amãna Takaful (Maldives) PLC,LLC establishment,KL-TF-42/01,USD,,
ANDIJON TOLA TERMINAL,O’ZPAXTASANOAT vs ANDIJON TOLA,,UZS,,
ANDIJON TOLA TERMINAL,Оспаривание продажи доли,,UZS,,
ANTITRUST AVISORY,Philip Morris,,EUR,,
ANTITRUST AVISORY,Philip Morris Old project,,EUR,,
ANTITRUST AVISORY,YANDEXvsGOOGLE,,EUR,,
APABAH,MARG'ILON BO'YOQ TEKSTIL - Вывод Участника,,USD,,
APABAH,MARG'ILON BO'YOQ TEKSTIL – смена директора,,USD,,
ARABBOY Inc,Простое товарищество,,USD,,
ARABBOY Inc,СНОС ГАРАЖЕЙ,,USD,,
Arla Foods,LURPAK,,EUR,,
Artel Electronics,Cлияние группы компаний Artel,,UZS,,
ASAKABANK,Societe General/Mashreqbank Private Placement,,USD,,
Ashurst,JICA Hamkorbank Financing,,USD,,
Asia Gulf (Janna),Asia Gulf vs Torsvik,,USD,,
Asset Withdrawal,Standart Ass,,UZS,,
Asters Law,Segezha Packaging,,USD,,
At-Advisory,Questionnaire Competition Law,,USD,,
AZIZ NORMATOV,LLC Registration,,EUR,,
Baker Botts/JLMs,Project Yoshlik,,USD,,
"Baker McKenzie / Oman Bank, FAB and NBD Emirates",Advising on financing to Agrobank,,USD,,
BakerMcKenzie/FAB-Mashreqbank-QNB,Advising the QNB-Mashreqbank-FAB on Agrobank financing,,USD,,
Bank of China / King & Wood Mallesons,Bank of China – AMMC (NDA),,USD,,
Bank of China / King & Wood Mallesons,Legal opinion on the NDA,,USD,,
Bank of New York Mellon and O&M  Securities,Advising on financing to Agrobank,,USD,,
BASF,текущие вопросы,,EUR,,
BCG,Подготовка мемо,,USD,,
BCLP (RUS)_Sberbank,BCLP (RUS)_Sberbank,,EUR,,
BENOY Ltd (ENG),MEMO,,USD,,
BERLIN-CHEMIE,Copyrights,,UZS,,
BERLIN-CHEMIE,Personal Data,,UZS,,
BINERGIA,Capital Increase,,USD,,
BINERGIA,Ликвидация Бинергия-Узбекистан,,USD,,
Birch Legal,DD report,,EUR,,
Birch Legal,Сделка M&A Яндекс - Юридическая проверка,,EUR,,
BlackRock,Cross-border marketing advice,,USD,,
BOC Aviation,Engine Finance Lease,,USD,,
Boston Consulting Group,BCG project,,USD,,
Bravo Pharma,Bravo Pharma – RSSPMCOR,,EUR,,
BSI Import,Standart Ass,,UZS,,
Build-A-Bear Workshop Inc.,Supply Agreement,,USD,,
BUKAEV.RU LLC,Консультационные услуги,KL-BR-41,USD,,
Buzton,M&A,,UZS,,
Carlyle Aviation Partners,Jurisdictional Questionnaire for Aircraft Leasing,,USD,,
CF&S Group,CF&S RO Termination,,EUR,,
CF&S Group,LLC Establishment,,EUR,,
CF&S Group,RO Accreditation,,EUR,,
CF&S Group,Смена директора,,EUR,,
Changi International Airport,Tashkent International Airport,,USD,,
China Eximbank,Legal DD report - Agrobank syndication,,USD,,
Clyde & Co,Swiss Re - Memo,,USD,,
CMS,CMS - XIAOMI QUESTIONNAIRE,,EUR,,
CMS,Hungarian Eximbank - Ipoteka Bank,,EUR,,
CMS,Hungarian Eximbank - Mikrokreditbank,,EUR,,
CMS,Phanes Solar,,EUR,,
DANA TASHKENT,Warehouse Legal DD,,UZS,,
DANA TASHKENT,Warehouse SPA,,UZS,,
Deel Inc.,Deel Expansion: Uzbekistan,KL-DG-03,USD,,
DeFacto Retail Limited,General Legal Services,,UZS,,
DeFacto Retail Limited,Questionnaire,,UZS,,
DENTSU INC,KIRIN GREEN’S FREE,,EUR,,
DENUO,DENUO_HEE Trans,,EUR,,
diiPArt,Construction Projects,,EUR,,
DLA Piper,Legal Advice for XCMG,,USD,,
DUAN&DUAN,Cement Plant,,USD,,
DUAN&DUAN,Labour Agreement,,USD,,
DUAN&DUAN,LLC Establishment,,USD,,
"DYAKIN, GORTSUNYAN AND PARTNERS",Preparing answers to questions,,EUR,,
E 20,Agricultural cluster,,UZS,,
E 20,Company establishment,,UZS,,
E 20,Creation of agrocluster,,UZS,,
E 20,Day to day activity,,UZS,,
E 20,Directorship handover and WP,,UZS,,
E-Advisor,Microfinance Company Establishment,,EUR,,
E-Credit Group,Micro finance company,,USD,,
Eaglerise Electric Energy,Company Incorporation,,USD,,
Eaglerise Electric Energy,Tashkent BESS,,USD,,
EBRD,DEBT COLLECTION (Green World),,USD,,
EBRD,EBRD - Dormitories,,USD,,
EBRD,EBRD - Health Line (enforcement options),,USD,,
EBRD,HEALTH LINE,,USD,,
EBRD,JURABEK,,USD,,
EBRD,Jurabek 2,,USD,,
EBRD,Shakhboz Shakhrom,,USD,,
EBRD,Shakhboz Shakhrom 2020,,USD,,
ECOS,LLC Registration,,USD,,
EDF,Head Office Legal Support,,EUR,,
EDF,Local Office (EDF-ICA) Legal Support,,EUR,,
EDF,Mullalak - Khodjikent,,EUR,,
EDF,Subsidiary,,EUR,,
EDF,Transfer of Shares,,EUR,,
EDF Renouvelables,Acquisition of share in wind project,,EUR,,
EDF Renouvelables,Samarkand Distribution Networks,,EUR,,
EDF-KANSAI,Distribution Networks Project,,EUR,,
EDF-Sojitz Consortium,Syrdarya II CCGT - Northern Route,,USD,,
Edo Veenstra,Residence Permit,,USD,,
EIB,Lease Agreement,,USD,,
ELEKTROIZOLIT,Synecta debts,,UZS,,
ELEKTROIZOLIT,Обзор по налоговым льготам,,UZS,,
ELEKTROIZOLIT,ответ на письмо налоговой,,UZS,,
ELEKTROIZOLIT,претензия к почте,,UZS,,
ELEKTROIZOLIT,спор с облгазом,,UZS,,
ELEKTROIZOLIT,Текущие вопросы,,UZS,,
Energy China,Legal support of EIF Transfer Agreement,,USD,,
ENERSOK,General Legal Services,,UZS,,
EPAM,PINFL REGISTRATION,,USD,,
EPAM,Меморандум - юридическая консультация,,USD,,
EPAM,Справка по таможенному вопросу,,USD,,
ERAE,Dividend memo,,USD,,
Ernst & Young  branch in Moscow,Restructuring,,USD,,
Ernst & Young  branch in Moscow,Share Sale,,USD,,
Ernst & Young Tashkent,Daily Services,,USD,,
Etihad Water and Electricity,MUBAREK CCGT,,USD,,
EVRO TBM,Court proceeding,,UZS,,
EVRO TBM,Regular legal services,,UZS,,
EVYAP INTERNATIONAL,Company Establishment,,EUR,,
EXAR_RID TASHKENT,Ликвидационное производство (I этап),,EUR,,
EXAR_RID TASHKENT,Судебные споры (II этап),,EUR,,
EXAR_RID TASHKENT,Уголовные и другие дела (III этап),,EUR,,
Familia,LLC Establishment,,USD,,
FEKA,Increase capital of the Company,,UZS,,
FEKA,LLC Establishment & Work Permit Obtainment,,UZS,,
FHL GROUP,DAY TO DAY ACTIVITY,,UZS,,
FHL GROUP,LLC Establishing,,UZS,,
Fonbet,Increase of the charter capital,,UZS,,
Frankfurt School of Finance,ADB - Mortgage Refinancing Company,,USD,,
Franklin Templeton,Franklin Templeton Matters,,UZS,,
Gazprombank,Assignment Deal,,USD,,
Gazprombank,Samarkand Airport,,USD,,
Gazprombank,Tepelen,,USD,,
GBI,Commercial Registry Extract,,USD,,
GEOX,Franchise,,EUR,,
GIdrostanko Servis,AKA Bank,,USD,,
Giesecke & Devrient - LOMO,Договор цессии,,USD,,
Glenmark,Memo on employment,,EUR,,
Global South Utilities,Acquisition of Yashil Energy,,USD,,
Global University Systems,Memo on Legal Presence,,USD,,
GMPT Uzbekistan,Apartment Lease,,UZS,,
GMS Worldwide,GMS AND UCELL,KL-GMS-40,USD,,
GOR INVESTMENT,Projects,,EUR,,
GPB Complect,Pledge of rights on commission agreement,,RUB,,
GPB Complect,Samarkand Solar,,RUB,,
GPB Complect,SANEG 2,,RUB,,
GPB Complect,Залог выручки,,RUB,,
GPB Complect,"Подготовка заключения (ООО ""KHONOBOD SOLAR ENERGY"")",,RUB,,
GPB Complect,Реструктуризация,,RUB,,
GSK,Consumer Health,,EUR,,
GSK,Pharma,,EUR,,
GSK,Project Evolution,,EUR,,
GSK,Regular services,,EUR,,
GUEHRING-KG,Dispute with Uz-Hanwoo Engineering,,USD,,
GUEHRING-KG,Transition of GM to UzAvto,,USD,,
GUEHRING-KG,UMPT Contract Termination,,USD,,
Halq Bank,Halq Bank 2020,,UZS,,
Halyk Bank,FA Review & Issuing LO,,USD,,
Helaba,Advising on loan financing,,EUR,,
Helaba,Provision loan to Asakabank,,EUR,,
Helaba,Transaction with Trustbank - Advising on shoppingline,,EUR,,
HERES,Heres - LLC Establishment,,EUR,,
Heritage Lending Group BV,Certification of BDB management,,USD,,
Hermes Investment Management Limited,Marketing of Funds Advice,,USD,,
Hilton Worldwide,Hilton Information Technology Services Agreement,,USD,,
Hogan Lovells,EDF - Stone City,,EUR,,
HUMANS,Представление интересов в суде,,UZS,,
Hyundai Engineering Co. Ltd.,JV Withdrawal,,USD,,
Hyundai Engineering Co. Ltd.,Legal Opinion - Immovable Property,,USD,,
Hyundai Engineering Co. Ltd.,Tashkent WWTP (Saman),,USD,,
IDOL MEBEL,Повторная кассация,,USD,,
IFC,DD Report in construction industry,,USD,,
IFC,Dialysis Project,,USD,,
IFC,Drafting Alternative Investment Law,,USD,,
IFC,Imaging Diagnostics,,USD,,
IFC,Radiotherapy,,USD,,
IFC,Schools PPP,,USD,,
IFC,Tashkent Airport - Vision Invest,,USD,,
IFC,Water Pumps,,USD,,
ILF,ESCo,,USD,,
ILF Consulting Engineers,Visa support & work permit,,EUR,,
ILTEKNO,LTSA,,USD,,
ILTEKNO,Payment Security Options for EPC Contracts,,USD,,
In2Metals,Company Incorporation,,USD,,
In2Metals,Exploration Activities,,USD,,
INDITEX,Operation in Uzbekistan,,USD,,
Inditex Group,Zara,,USD,,
Indorama,"Claim against Semurg Insurance (SoS 11,19,23,27)",,UZS,,
Indorama,Day to day activity,,UZS,,
Indorama,EMG (SOS 4),,UZS,,
Indorama,IA_KOSON_YOG (SOS 14),,UZS,,
Indorama,IKT vs. Agro Shumnay Cluster (SOS 11),,UZS,,
Indorama,IKT_TRANSFORMATION,,UZS,,
Indorama,INDORAMA VS KHOKIMIYAT,,UZS,,
Indorama,Indorama vs Xovos Don,,UZS,,
Indorama,KATTAKURGAN CLUSTER - ревизионная инстанция (SOS 15),,UZS,,
Indorama,KATTAKURGAN CLUSTER- кассация  (SOS 13),,UZS,,
Indorama,KATTAKURGAN CLUSTER- пересмотр по вновь открывшимся (SOS 9),,UZS,,
Indorama,KATTAKURGAN CLUSTER-апелляционная жалоба (SOS 5),,UZS,,
Indorama,Kattakurgan issue (SOS 3),,UZS,,
Indorama,"Kholiyarov Abdusalom case (appeal, SoS 22)",KL-IR-32/22,UZS,,
Indorama,"Kholiyarov Abdusalom case (first instance, SoS 21)",,UZS,,
Indorama,Kholiyarov Abdusalom case (revision instance),,UZS,,
Indorama,Land allocation,,UZS,,
Indorama,Loan agreement (SOS 10),,UZS,,
Indorama,Nitro Oil - исполнительное производство,,UZS,,
Indorama,Nitro Oil – дело о неплатежеспособности,,UZS,,
Indorama,OLTIN MATO GROUP (SOS 6),,UZS,,
Indorama,Oq oltin,,UZS,,
Indorama,Oq Oltin - исполнительное производство,,UZS,,
Indorama,OQ OLTIN case,,UZS,,
Indorama,OQ OLTIN first instance (SOS 17),,UZS,,
Indorama,Oq Oltin – дело о неплатежеспособности,,UZS,,
Indorama,Payariq-Klaster,,UZS,,
Indorama,Price change issues,,UZS,,
Indorama,Real Agro Coton first instance (SOS 8),,UZS,,
Indorama,Recover Damages - Kattakurgan Cluster,,UZS,,
Indorama,Sardoba Appeal (SoS 20),,UZS,,
Indorama,"Sardoba case (appeal instance, new consideration, SOS 29)",,UZS,,
Indorama,"Sardoba case (revision instance, SoS 25)",,UZS,,
Indorama,Sardoba case (SOS 36),,UZS,,
Indorama,Sardoba court of first instance (SOS 12),,UZS,,
Indorama,Sardoba Dam (SOS 9),,UZS,,
Indorama,Sardoba issues,,UZS,,
Indorama,Uz Trade,,UZS,,
Indorama,UzTrade апелляция (ДС 8),,UZS,,
Indorama,Взыскание задолженности с Nitro Oil (SoS 26),,UZS,,
Indorama,Представление интересов клиента в споре с EMG в кассационной инстанции (SOS 10) Kokand,,UZS,,
Indorama Kokand Fertilizers,Appellate Case with BNH (SoS 2),,UZS,,
Indorama Kokand Fertilizers,Court Case with BNH (SoS 1),,UZS,,
Indorama Kokand Fertilizers,Revision instance BNH (regional),,UZS,,
Indorama Kokand Fertilizers,TAX ISSUE FONUS,,UZS,,
INNOTHERA,Labour matter legal services,,USD,,
INPARK GLOBAL,Day to Day Activities,,USD,,
INPARK GLOBAL,LLC Establishment,,USD,,
INTECSA,INTECSA - MEMO,,USD,,
INTECSA,Talimarjan TPP 900 MW,,USD,,
Integral Petroleum SA,Brokerage Contracts,,USD,,
Integrites,Debt Collection,,USD,,
Integrites,Garantee Agreement,,USD,,
Integrites,Wendy's franchise agreement review,,USD,,
Integrites,мемо (смена главы представительства),,USD,,
Integrites,Юрiя Фарм,,USD,,
INTRAWARE  INVESTMENTS,Bank Account,,UZS,,
INTRAWARE  INVESTMENTS,Increase of Charter & CP collection,,UZS,,
INTRAWARE  INVESTMENTS,SAB BT - Day to Day,,UZS,,
INTRAWARE  INVESTMENTS,UZBEK LLC Establishment,,UZS,,
ITE,SPA,,USD,,
IVANYAN AND PARTNERS,Mustakillik 25,,USD,,
JINKO POWER COMPANY,Solar energy projects,,USD,,
JunHe,Sinosure,,USD,,
Ken Anzai (TOKONA LLC),Day to day activity,,UZS,,
Ken Anzai (TOKONA LLC),Legal Opinion,,UZS,,
KIND,RO accreditation,,EUR,,
KNOC,Liquidation,,USD,,
KOLOTILOV,DELO 1_KOLOTILOV_ZARUBEJSTROY,,EUR,,
KOLOTILOV,DELO 2_KOLOTILOV_ZARUBEJSTROY,,EUR,,
Korean Airlines,Advising on aviation regulatory DD,,USD,,
Korean Telecom,Telecom Merge,,USD,,
Kosta Legal,Business Development,,USD,,
Kosta Legal,Publications,,USD,,
KPC,Court case,,USD,,
KROHNE ENGINEERING,KROHNEvsUNG,,EUR,,
LACTALIS,NESTLE M&A (DD Part),,EUR,,
LAINTEX VETERANI (Spain),Debt Collection,,EUR,,
LAINTEX VETERANI (Spain),Lantex vs PSM Group,,EUR,,
LAINTEX VETERANI (Spain),Недвижимость,,EUR,,
Landesbank Baden-Wurttemberg,Advising on Loan Agreement and Surety,,EUR,,
Landesbank Baden-Wurttemberg,Amendment to loan agreement,,EUR,,
Landesbank Baden-Wurttemberg,Hamkorbank matter,,EUR,,
Landesbank Baden-Wurttemberg,Kapitalbank financing,,EUR,,
Landesbank Baden-Wurttemberg,Remedy Group Transaction,,EUR,,
Landesbank Baden-Wurttemberg,Review of employment agreement,,EUR,,
Landesbank Baden-Wurttemberg,Transaction RICOMEL Beverages,,EUR,,
Landesbank Baden-Wurttemberg,Transaction with Turonbank,,EUR,,
LAUDE ESQUIER CHAMPEY (FRANCE),Priduct Liability Memo,,USD,,
LC Waikiki,Legal Services,,UZS,,
LEE & KO,KEXIM- TASHKENT WASTEWATER,,USD,,
Linde Gaz Kazakhstan,Legal services,,EUR,,
Linklaters,KEPCO,,USD,,
Linklaters,KNOC,,USD,,
Linklaters,Landfill gas to power,,USD,,
LIQVOR,Questions reg Rep office,,USD,,
LORICA LTD,HOTEL Khadra,,USD,,
Mark & Control Sys,Labelling,,USD,,
Marmon Cornelius,Import Contract,,EUR,,
MASDAR,ADB Sherabad,,USD,,
MASDAR,BESSx5,,USD,,
MASDAR,CMEC Legal Opinion,,USD,,
MASDAR,Domino project,,USD,,
MASDAR,EBRD Wind,,USD,,
MASDAR,Energy Generation License,,USD,,
MASDAR,Guzar district ADB II Project,,USD,,
MASDAR,HoT Masdar sell down,,USD,,
MASDAR,IFC SS II – Jizzakh/Samarkand,,USD,,
MASDAR,IFC SS II – Jizzakh/Samarkand (3 фаза),,USD,,
MASDAR,Independent review - BSI grievance,,USD,,
MASDAR,Nukus Wind II,,USD,,
MASDAR,Scaling Solar,,USD,,
MASDAR,Scaling Solar III-Bukhara,,USD,,
MASDAR,Transfer and Assignment of PPA,,USD,,
MASDAR,Wind 1GW,,USD,,
Masdar Power Services,General Legal Services,,UZS,,
Masdar Uzbekistan,"JIZZAKH (NJP), SAMARKAND (NSP), SHERABAD (NShP)",,UZS,,
Masdar Uzbekistan,Legal services,,UZS,,
Mashreqbank,Advising financing with SQB,,USD,,
Mashreqbank,Agrobank Facility Agreement,,USD,,
Mashreqbank/Hogan Lovells,Advising on financing to Business Development Bank,,USD,,
Masterrind,Andijon Nasl Yuksalish,,EUR,,
Masterrind,Debt Collection,,EUR,,
Masterrind,Supply Contracts,,EUR,,
MAXAM CENTRAL ASIA,building sale,,USD,,
MAXAM CORP (SPAIN),Legal Supporting,,USD,,
MAXAM EXPORT,Export isuues,,USD,,
Maxam-Chirciq,Court hearing in Supreme Court (deposit's case),,UZS,,
Maxam-Chirciq,Заявление по вновь открывшимся,,UZS,,
Maxam-Chirciq,Патентное дело,,UZS,,
Maxam-Chirciq,спор с Узтрансгазом,,UZS,,
Maxima Legal,DD отчёт,,USD,,
Maxima Legal,ДКП доли мажоритария,,USD,,
Maxima Legal,Договор купли продажи недвижимости,,USD,,
Maxima Legal,Драфт ПКМ и Доп.Cоглашение,,USD,,
Maxima Legal,Залог доли,,USD,,
Maxima Legal,Импортные контракты (валютное регулирование),,USD,,
Maxima Legal,Ипотека недвижимости,,USD,,
Maxima Legal,ООО Напитки,,USD,,
Maxima Legal,Получение разрешения на работу,,USD,,
Maxima Legal,Расторжение договоров,,USD,,
Maxima Legal,Смена директора,,USD,,
Maxima Legal,Увеличение УФ на 1%,,USD,,
Mayer Brown,NBU Loan - Silk Road Fund,,USD,,
Meridiam,School Program,,USD,,
Meridiam & RNS,Fergana hospital,,EUR,,
Meridiam & RNS,Tashkent Schools ADB PPP,,EUR,,
METALLINVEST VOSTOK,налог на дивиденды,,UZS,,
METALLINVEST VOSTOK,Обжалование решения налоговой,,UZS,,
METALLINVEST VOSTOK,продажа доли,,UZS,,
METITO,Water Pumps,,USD,,
METSO,Procurement Contract with AMMC,,USD,,
MGAP,Подготовка заключения,,EUR,,
MIAHONA,Jizzakh/Quva project,,USD,,
MIAHONA,PED & PC Karakalpakstan,,USD,,
MIAHONA,STP & WTP projects,,USD,,
MIAHONA,Zomin EOM,,USD,,
MIKRO KAPITAL,Establishment of MCO,,EUR,,
MIKRO KAPITAL,Lease Company Registration,,EUR,,
Ministry of Economy and Finance,Advising on IPO/SPO,,USD,,
"Ministry of Investment, Industry and Trade",Investment Law,,USD,,
Mintos,Memo on Pledge,,EUR,,
Mintos,Pledge of rights,,EUR,,
Modern Construction Group,Регистрация СП,,USD,,
MOGO FINANCE,LLC Establishment,,EUR,,
MOGO FINANCE,Мемо по аренде авто,,EUR,,
Mogo Lend,Shareholder resolution,,EUR,,
MORGAN LEWIS,Avia Lease Payment Guarantee,,EUR,,
MORGAN LEWIS,HAVO YULLARI COURT DISPUTE,,EUR,,
MORGAN LEWIS,XAVO YULLARI,,EUR,,
MoveOne,Change of local director,,USD,,
MUFG,UNG - Sinosure Financing,,USD,,
MUFG,UNG - Syndicated Finance,,USD,,
MULTINATIONAL MINING GROUP,Advising on Eurobond issuance,,UZS,,
MULTIVAC,Corporate & employment matters,,EUR,,
MULTIVAC,Multivac RO termination 2020,,EUR,,
MURAD BUILDINGS,Совместное предприятие,,UZS,,
MURGOVA&PARTNERS,SAVB,,EUR,,
MY Freighter LLC,BOC aviation,,USD,,
NARDI SPA,Omega Auto,,USD,,
Narine Demir,Narine case,,USD,,
NBU,Advising on Reg S bonds issuance,,UZS,,
NBU,SILK ROAD FUND – LAND ISSUES,,UZS,,
NBU Invest Group,"Indigo (первая инстанция, новое рассмотрение)",,UZS,,
NBU Samarkand Invest,Silk Road Fund -  Samarkand Tourist Complex Project,,USD,,
NCD,Franchise Agreement,,USD,,
NCD,LLC establishment & WP,,USD,,
Nebras/Sojitz,BESS Tashkent,,USD,,
Nebras/Sojitz,Wind 1GW,,USD,,
NIKOLSKAYA,Dobersec_assets search,,USD,,
NIKOLSKAYA,Аэропорт Самарканд (2026),,USD,,
NIKOLSKAYA,НорНикель-Доберсек признание,,USD,,
NIKOLSKAYA,Подготовка правового заключения,,USD,,
NORINCO,Legal Memo,,USD,,
NORTON ROSE FULBRIGHT LLP,ACWA IFC EBL,,USD,,
NORTON ROSE FULBRIGHT LLP,Cross-border marketing advice for BlackRock,,USD,,
NORTON ROSE FULBRIGHT LLP,District Heating,,USD,,
NORTON ROSE FULBRIGHT LLP,JQ for Fuyo,,USD,,
NORTON ROSE FULBRIGHT LLP,Samarkand Air - Aircraft Leasing,,USD,,
NORTON ROSE FULBRIGHT LLP,Santander Bank - AGMK Financing,,USD,,
NORTON ROSE FULBRIGHT LLP,UzAuto Motors - Loan Agreement Amendment,,USD,,
NORTON ROSE FULBRIGHT LLP,UzAutoMotors Financing,,USD,,
NORTON ROSE FULBRIGHT LLP,Uzbektelecom Financing,,USD,,
Novaya Energiya,Сопровождение сделки (этап 2),,EUR,,
Novaya Energiya,Юридический аудит,,EUR,,
NRG UZB,NRG - Chirchik 400,KL-YL-45,UZS,,
NRG UZB,NRG - GOLDEN HOUSE,,UZS,,
Nur Bukhara Solar,"Land return, cadaster and mortgage",NBS-10,UZS,,
Nur Bukhara Solar,Legal Services,,UZS,,
Nur Bukhara Solar,PIF Transfer,NBS-10,UZS,,
Nur Jizzakh Solar,"Land return, cadaster and mortgage",NJS-04,UZS,,
Nur Jizzakh Solar,Legal services,,UZS,,
Nur Jizzakh Solar,PIF Transfer,NJS-04,UZS,,
Nur Kashkadarya Solar,General legal services,,USD,,
Nur Navoi Solar,Legal services,,UZS,,
Nur Samarkand Solar,"Land return, cadaster and mortgage",NSS-05,UZS,,
Nur Samarkand Solar,Legal services,,UZS,,
Nur Samarkand Solar,PIF Transfer,NSS-05,UZS,,
Nur Samarkand Solar,Private protest,,UZS,,
Nur Sherabad Solar,"Land return, cadaster and mortgage",NShS-06,UZS,,
Nur Sherabad Solar,Legal services,,UZS,,
Nur Sherabad Solar,PIF Transfer,NShS-06,UZS,,
Obuda University,Legal Support on Technopark Development,,EUR,,
Obuda University,Report on Technopark Development,,EUR,,
Obuda University,Создание JV OBUDA,,EUR,,
Obuda University,Создание ООО INITIUM,,EUR,,
ODDO BHF,Issuing LO,,USD,,
OLPHA,Расторжение трудового договора,,EUR,,
Oppenhoff & Partner,Siemens AG,,USD,,
OPTIMA (RUS),debts coollection,,USD,,
ORION,Передача IP прав в СП,,USD,,
Orkin Systems,Franchise agreement,,USD,,
Otabek Karimov,IKAT-BARAKAT,,EUR,,
OTP Bank,Ferghana Oil Refinary Plant. Financing.,,USD,,
Pakistan Intermodal Logistics,LLC Establishment,KL-INT-24,USD,,
Papa John's,Franchise Agreement,,USD,,
PDLegal LLC,Legal Opinion,,USD,,
PHILIP MORRIS,General Legal Support,,UZS,,
PILOT,Distribution Agreement,,USD,,
PILOT Corporation,Distributorship Agreement,,USD,,
Polydist,Drafting the letter,,USD,,
Polydist,Letter from UzKOR,,USD,,
Polydist,Registration with UZeX,,USD,,
PRAETICA,ARBOR (BELGIUM),,EUR,,
Production Solutions,Regular legal services,,USD,,
Project HOPE,Branch Office,,USD,,
PwC,договор с таможенным складом,,USD,,
QuidelOrtho,Medicine Registration,,USD,,
Raiffeisen Bank International,Advising on a loan transaction with Business Development Bank,,USD,,
REB_ZUMK (RUS),REB_ZUMK 1.2.,,EUR,,
REB_ZUMK (RUS),REB_ZUMK 2.1_Признание задолженности отсутствующей,,EUR,,
REB_ZUMK (RUS),REB_ZUMK 3.1_Обжалование определения о назначении экспертизы по делу № 15 (признание права собственности),,EUR,,
REB_ZUMK (RUS),REB_ZUMK 3.1_Обжалование определения о приостановлении производства по делу №21,,EUR,,
REB_ZUMK (RUS),REB_ZUMK 3.1_Обжалование определения об отказе в возобновлении производства по делу № 21,,EUR,,
REB_ZUMK (RUS),REB_ZUMK 3.1_Признание права собственности,,EUR,,
REB_ZUMK (RUS),REB_ZUMK 3.1_Ревизионное обжалование определения о назначении экспертизы по делу № 15 (признание права собственности),,EUR,,
REB_ZUMK (RUS),REB_ZUMK 3.1_Ревизионное обжалование определения о приостановлении производства по делу № 21,,EUR,,
REB_ZUMK (RUS),REB_ZUMK_1.1.,,EUR,,
RED HOUSE DEVELOPER,Дело XON SAROY,,UZS,,
RG Brands,Charter amendment,,EUR,,
Roedl&Partners,Dividend Distribution,,EUR,,
Roedl&Partners,Employment Agreement (Local LLC),,EUR,,
Roedl&Partners,Liqui Moly,,EUR,,
Roedl&Partners,LLC Establishment,,EUR,,
Roedl&Partners,Memo regarding obligations of participants,,EUR,,
Roedl&Partners,Memorandum on providing of audit and legal services,,EUR,,
Roedl&Partners,Структура сделки по второму проекту,,EUR,,
ROSATOM HEALTHCARE,Вопросы по организации структуры,,RUB,,
ROSATOM HEALTHCARE,Оформление обязывающих документов,,RUB,,
Roseximbank,TMZ Financing,,USD,,
RUSSIAN LEASING COMPANY,LLC ESTABLISHMENT,,EUR,,
SABOAM,Development of Structure,,UZS,,
SABOAM,Qarachay,,UZS,,
SALMET GmbH,SUPPLY SECURITY,,EUR,,
SALUS LEGAL,Оценка правового статуса,,USD,,
SAMSUNG ELECTRONICS UZBEKISTAN,Day to Day Activity,,UZS,,
Sandoz-Novartis,Monthly legal services,,UZS,,
Sanoat Qurilish Bank,Advise on Reg S private placement,,UZS,,
Sanoat Qurilish Bank,External Requests,,UZS,,
Sanoat Qurilish Bank,Issuance of AT1 bonds,,UZS,,
Sanofi,Distribution Quality Agreement,,USD,,
Sanofi,Legal Services,,USD,,
SANTEN OY,Car Leasing,,USD,,
SANTEN OY,Draft Agreement Review,,USD,,
SANTEN OY,General Issues,,USD,,
SANTEN OY,Legal Memo,,USD,,
SANTEN OY,SOP review,,USD,,
SANTEN OY,SOP review 2020,,USD,,
Sardor Rahmatullaev,Иск Kasbi Paxta Tozalash,,USD,,
Sarkor,Сопровождение сделки по смене участника,,USD,,
SAUDI TABREED,Employment Contracts,,USD,,
SAUDI TABREED,Khiva Trigeneration,,USD,,
SAUDI TABREED,Nukus Heating,,USD,,
SAYENKO KHARENKO,KYIVSTAR - Uzbek Merger Control Analysis,,USD,,
SBERBANK,Подготовка заключения,,EUR,,
Schlumberger,Day to day,,EUR,,
Schlumberger,Exploisive License,,EUR,,
Schlumberger,PE ESTABLISHMENT,,EUR,,
Schlumberger,PE Registration,,EUR,,
Schlumberger,Radiation License,,EUR,,
Schlumberger,Work Permits,,EUR,,
Schlumberger,Мемо по лицензированию,,EUR,,
SEAMLESS Legal,E CARD - DD,,USD,,
SEAMLESS Legal,E1 Merger Clearance,,USD,,
SEAMLESS Legal,KDB Bank,,USD,,
SEW-EURODRIVE,Legal Presence,,USD,,
SFERA,Samarkand Aeroport,,USD,,
Shamol Zarafshan Energy FE LLC,"Land return, cadaster and mortgage",ShZE-35,UZS,,
Shamol Zarafshan Energy FE LLC,Legal Services,,UZS,,
Shamol Zarafshan Energy FE LLC,PIF Transfer,ShZE-35,UZS,,
SHiUZ,Debt Collection,,EUR,,
SHiUZ,SHiUZ enforcement proceedings,,EUR,,
SICPA,Marking products,,EUR,,
Silk Valley,Company Registration,,USD,,
Simmons&Simmons,Kungrad LC/PCG,,USD,,
SMBC and SACE,Kungrad Wind,,USD,,
SOCIETE GENERALE - HSF,Surkhandarya Project Financing,,USD,,
Sodrugestvo,Подготовка меморандума (земля),,USD,,
Standard Chartered Bank,Advise on financing to Asakabank,,USD,,
Standard Chartered Bank,Waste-to-energy project,,USD,,
Standard Chartered Bank/Baker McKenzie,Advising on financing to Asakabank,,USD,,
Sumi/EDF,Syrdarya CCGT,,USD,,
Sumi/EDF,Syrdarya Compensation Matters (Sojitz),,USD,,
Sumitomo,Acquisition of ACWA projects,KL-ASHURST-02,USD,,
Sunview,Solar + BESS Project,,USD,,
TACROM SERVICES S.R.L,TACROM SERVICES S.R.L,,EUR,,
Takeda,Employment Contact,,USD,,
Takeda,Insurance issue,,USD,,
Takeda,Memo on Pharmacies,,USD,,
Tambour,JV UzKabel,,EUR,,
Tashkent International Clinic,Day to day,,USD,,
Tashkent International Clinic,Organisation of medical station,,USD,,
Tashkent International School,Kitchen Food Service,,USD,,
Tashslavtrade,Preparing Memo on questions,,EUR,,
TAU TOOLS,Company Registration,,USD,,
TBС Bank,Vacations Memo,,UZS,,
TECA,Strategic Advisory for Commercial Dispute,,EUR,,
TECHNOLOGIES OF TRUST - CONSULTING,НГМК - Первая инстанция,,EUR,,
TECHNOLOGIES OF TRUST - CONSULTING,Подготовка мнения по позиции,,EUR,,
Tencent,Acquisition of Uzum,,USD,,
Tenge Bank,ООО «Universal Art Textile» case,,UZS,,
Three Crowns,Baisun PSA,,USD,,
TIHES,TIC,,USD,,
Timur Pulatov,Capital Increas,,EUR,,
Timur Pulatov,DD Report,,EUR,,
TOMYRIS,General Legal Services,,USD,,
TotalEnergies,Tutly 2 Solar,,EUR,,
Toyota Central Asia,Homologation Issue,,USD,,
Toyota Central Asia,Local Subsidiary,,USD,,
Toyota Central Asia,Set-off Issue,,USD,,
Toyota Tsusho Corporation,Employment Agreements,,UZS,,
Toyota Tsusho Corporation,Employment Matter: AutoCAD Employee,,UZS,,
Toyota Tsusho Corporation,HR Policy,,UZS,,
TRAFIGURA,E-mail advise on corporate approvals,,USD,,
UBS,Credit Suisse Merger,,EUR,,
UBS,Export Finance Transfer,,EUR,,
UBS,NDA Matter,,EUR,,
UBS,Potential EoD,,EUR,,
UBS,Promissory Note,,EUR,,
UBS,UAM/UMPT Supplemental Agreement,,EUR,,
UNG Financing,MUFG Bank,,USD,,
United Energy Group,Memo on employment matters,,UZS,,
United Energy Group,Regular legal services,,UZS,,
United Energy Pakistan,Acquisition of oil company,KL-UEP-46,USD,,
UNITEL,Cуд первой инстанции УзРепорт (поручение 7),,UZS,,
UNITEL,Dispute Unitel vs Honjiza Savdo,,UZS,,
UNITEL,Honjiza Savdo,,UZS,,
UNITEL,Labor issue,,UZS,,
UNITEL,Labor issues,,UZS,,
UNITEL,Malinovsky vs Musin (SOS 10),,UZS,,
UNITEL,Odobreniye sdelki s zainteresovannostiy,,UZS,,
UNITEL,Prava_Potrebit,,UZS,,
UNITEL,Prava_Potrebit 2,,UZS,,
UNITEL,Proverka_ugol_delo,,UZS,,
UNITEL,Spor s nalogovoy,,UZS,,
UNITEL,Thompson,,UZS,,
UNITEL,UNITEL_Mobile Banking,,UZS,,
UNITEL,UZReport,,UZS,,
UNITEL,UZReport_2,,UZS,,
UNITEL,Апелляционная жалоба по спору с налоговой (Поручение 4),,UZS,,
UNITEL,Апелляция «UzReport» Поручение 9,,UZS,,
UNITEL,Апелляция по спору с МГНИ (SOS 1),,UZS,,
UNITEL,Билаб - обжалование постановления ГНИ,,UZS,,
UNITEL,Взыскание с Газиева (Поручение 11),,UZS,,
UNITEL,вопрос по дивидендам,,UZS,,
UNITEL,Вопросы по зданию,,UZS,,
UNITEL,Вопросы по контент провайдерам,,UZS,,
UNITEL,дело по заявлению Шукова,,UZS,,
UNITEL,Кассационная жалоба по спору с налоговой (Поручение 6),,UZS,,
UNITEL,Меморандум по выделению башенной компании,,UZS,,
UNITEL,Надзорная жалоба по делу Будь в курсе,,UZS,,
UNITEL,Обжалование нового решения налоговой (поручение 8),,UZS,,
UNITEL,По вопросам прав на ПО и способ доставки,,UZS,,
UNITEL,Правовое заключение,,UZS,,
UNITEL,Сделка по зданию в IT парк,,UZS,,
UNITEL,Спор с Шуковым 2021,,UZS,,
UNITEL,Строительство дата центра,,UZS,,
UNITEL,Трудовой спор с Ахмедовым (1-я инстнация),,UZS,,
UNITEL,Трудовой спор с Ахмедовым - апелляция (Поручение 7),,UZS,,
UNITEL,Трудовой спор с Ахмедовым апелляционная инстанция (новое рассмотрение),,UZS,,
UNITEL,Трудовой спор с Ахмедовым первая инстанция (новое рассмотрение) поручение 10,,UZS,,
UNITEL,Трудовой спор с Газиевым кассационная инстанция поручение 11,,UZS,,
UNITEL,Трудовой спор с Газиевым_апелляция  (Поручение 6),,UZS,,
UNITEL,Трудовой спор с Газиевым_первая инстанция (Поручение 4),,UZS,,
UNITEL,Трудовой спор с Мусиным_кассация (Поручение 2),,UZS,,
UNITEL,Трудовой спор с Соатмуминовым_кассация (Поручение 3),,UZS,,
UNITEL,Трудовой спор с Чумаковым 1-я инстнация (Поручение 9),,UZS,,
UNITEL,Трудовой спор с Чумаковым апелляционная инстанция поручение 12,,UZS,,
URBANTECH,Day to Day Activity (Moscow office),,USD,,
URBANTECH,LLC establishment,,USD,,
UZ UMRC,Day to day,,UZS,,
UZ-KOR GAS CHEMICAL,Спор с налоговой,,UZS,,
Uzbek Leasing International,Court case Karmana Alfa Gaz,,UZS,,
Uzbek Leasing International,Incofin,,UZS,,
Uzbek Leasing International,INCOFIN 2022,,UZS,,
Uzbek Leasing International,Karmana Alfa Gaz,,UZS,,
Uzbek-Oman Investment Company,Ceramic Plant,KL,UZS,,
Uzbek-Oman Investment Company,Compas Management,,UZS,,
Uzbek-Oman Investment Company,SWAP - Samarkand Darvoza,,UZS,,
Uzbek-Oman Investment Company,Universal Bank,,UZS,,
UzCard,Создание управляющей компании,,UZS,,
UzCarlsberg,Transaction with EBRD,,UZS,,
UzNIF,Advising UzNIF on IPO,,USD,,
UzOman LLC,Advising on IFC financing to UzOman,,UZS,,
UZTELECOM,Deutsche Bank Financing,,USD,,
UZUM,Юридическое заключение,,UZS,,
V&E,SkyPower,,USD,,
V&E,Yangikon,KL-VE-1,USD,,
V&E,Yangikon - Procurement Services,,USD,,
Veolia,Water Pumps,,USD,,
VEON,Privatization of MobiUz,,USD,,
Verba Legal,Day to Day Activity,,USD,,
Verba Legal,Открытие ПО,,USD,,
Viessmann,Settlment with head of Representative Office,,USD,,
Vision Invest,Fergana Hospital,,USD,,
Vision Invest,Tashkent Airport,,USD,,
VOLTALIA,100 MW Wind Power,,EUR,,
VOLTALIA,BESS Project,,EUR,,
VOLTALIA,Company name change,,EUR,,
VOLTALIA,Establishment of Project Company,,EUR,,
VOLTALIA,Establishment of VLT O&S Tashkent,,EUR,,
VOLTALIA,General Legal Services,,EUR,,
VOLTALIA,Hybrid Energy Project,,EUR,,
VOLTALIA,NEGU-UES Transfer,,EUR,,
VOLTALIA,Scaling Solar III,,EUR,,
VOLTALIA,Tashkent BESS,,EUR,,
VOLTALIA,Transfer of Shares in Artemisya Solar,,EUR,,
Voltalia O&S,Legal services on labour matters,,UZS,,
Westminster Foundation for Democracy,Branch Office Openning,,USD,,
White & Case,Sovereign Eurobonds - Project Tilla,,USD,,
White & Case/Citibank and other JLMs,Project Everest - Aloqabank - Eurobonds,,USD,,
Wide Tent System,Holiday Inn Bukhara,,UZS,,
WILKIE FARR & GALLAGHER,Affidavit on Uzbek law,,USD,,
World Bank,SEZ Legal Framework,,USD,,
Xalq Bank/White & Case,Xalq Bank Debut Eurobonds,,USD,,
XCMG,M&A,,USD,,
XPLORHR,Visa assistance,,USD,,
Yandex Eats,Cделка по покупке активов,,EUR,,
YOUSANG TEX,YOUSANG TEX,,UZS,,
Yulchon,FEZ LLA,,USD,,
Yulchon,Liquidation,,USD,,
Yulchon,КТ увеличение/покупка доли,,USD,,
Yulchon,открытие и ведение фирмы,,USD,,
Yulchon,Передача доли в институте,,USD,,
YULIA HUNTLY (VOSBIKIAN),Divorce Certificate,,USD,,
Zamin Angor Cluster,Юридическое заключение по договору поручительства,,USD,,
Zenit,Debt Collection,,UZS,,
Zenit,Disput with SUVTAMINOT,,UZS,,
Zenit,property rights,,UZS,,
Zenit,вопросы по проведению конкурса,,UZS,,
Zenit,вопросы по продаже доли,,UZS,,
Zenit,Надзорная жалоба по спору с кадастром (Property Right),,UZS,,
Zenit,Подготовка апелляции по делу об аренде Zenit,,UZS,,
Zenit,Подготовка заключения по вопросам уступки доли,,UZS,,
Zenit,подготовка к проведению ОСУ,,UZS,,
Zenit,Подготовка надзорной жалобы по Сувтаъминот,,UZS,,
Zenit,Спор с налоговой,,UZS,,
ZTE,JV Liquidation,,USD,,
ZTE,Memo on PII,,USD,,
ZTE Investment,Dispute with Uzbek Railways,,UZS,,
ZTE Investment,LIQUIDATION,,UZS,,
ZTE Investment,Regular legal services,,UZS,,
ZTE Investment,Telecom Innovations charter capital increase,,UZS,,
ZTE Investment,Transfer of debt,,UZS,,
ZTE Investment,Uzbektelecom,,UZS,,
ZTZ,ZTZ-Epsilon,,EUR,,
Современные Транспортные Технологии,"Юридическое заключение - Сборка автотранспортных средств, СЭЗ Джизак",,USD,,
ТМЗ,ROSEXIMBANK,,UZS,,
ТМЗ,Подготовка юр заключения по кредитным договорам,,UZS,,
ТМЗ,ТМЗ реструктуризация 2024,,UZS,,
ТМЗ,Уступка,,UZS,,
Урбантех (Ташкентский офис),Day to Day Activity (Tashkent office),,USD,,
Фонд прямых инвестиций,Рассмотрение документов по сделке - Этап II,,UZS,,
Фонд прямых инвестиций,Юридическая проверка - Этап I,,UZS,,
ХРОМОРС Инжиниринг,Kimyo Technologiya,,UZS,,
Эркин Джалилов (Эркинтой),Выселение,,USD,,
Янги Кон,Сопровождение сделки Янги Арслан №1,,UZS,,
